timestamp,image_path,cmd_left,cmd_right,dist_cm,gps_lat,gps_lon,acc_x,acc_y,acc_z,gyro_x,gyro_y,gyro_z
1767359378.84144,img_20260102_160938_841440.jpg,255,255,999,0.0,0.0,0.0,0.0,0.0,0.0,0.0,0.0
1767359378.974875,img_20260102_160938_974875.jpg,255,255,999,0.0,0.0,0.0,0.0,0.0,0.0,0.0,0.0
1767359379.108078,img_20260102_160939_108078.jpg,255,255,999,0.0,0.0,0.0,0.0,0.0,0.0,0.0,0.0
1767359379.774776,img_20260102_160939_774776.jpg,255,255,999,0.0,0.0,0.0,0.0,0.0,0.0,0.0,0.0
1767359379.908166,img_20260102_160939_908166.jpg,255,255,999,0.0,0.0,0.0,0.0,0.0,0.0,0.0,0.0
1767359380.508273,img_20260102_160940_508273.jpg,255,255,999,0.0,0.0,0.0,0.0,0.0,0.0,0.0,0.0
1767359380.641586,img_20260102_160940_641586.jpg,255,255,999,0.0,0.0,0.0,0.0,0.0,0.0,0.0,0.0
1767359381.308249,img_20260102_160941_308249.jpg,255,255,999,0.0,0.0,0.0,0.0,0.0,0.0,0.0,0.0
1767359381.441359,img_20260102_160941_441359.jpg,255,255,999,0.0,0.0,0.0,0.0,0.0,0.0,0.0,0.0
1767359382.108239,img_20260102_160942_108239.jpg,255,255,999,0.0,0.0,0.0,0.0,0.0,0.0,0.0,0.0
1767359382.241996,img_20260102_160942_241996.jpg,255,255,999,0.0,0.0,0.0,0.0,0.0,0.0,0.0,0.0
1767359382.908333,img_20260102_160942_908333.jpg,255,255,999,0.0,0.0,0.0,0.0,0.0,0.0,0.0,0.0
1767359383.041641,img_20260102_160943_041641.jpg,255,255,149,0.0,0.0,0.0,0.0,0.0,0.0,0.0,0.0
1767359383.975026,img_20260102_160943_975026.jpg,-255,255,999,0.0,0.0,0.0,0.0,0.0,0.0,0.0,0.0
1767359384.108556,img_20260102_160944_108556.jpg,-255,255,999,0.0,0.0,0.0,0.0,0.0,0.0,0.0,0.0
1767359384.341755,img_20260102_160944_341755.jpg,255,255,999,0.0,0.0,0.0,0.0,0.0,0.0,0.0,0.0
1767359384.474704,img_20260102_160944_474704.jpg,255,255,999,0.0,0.0,0.0,0.0,0.0,0.0,0.0,0.0
1767359384.608073,img_20260102_160944_608073.jpg,255,255,245,0.0,0.0,0.0,0.0,0.0,0.0,0.0,0.0
1767359385.175008,img_20260102_160945_175008.jpg,-255,255,232,0.0,0.0,0.0,0.0,0.0,0.0,0.0,0.0
1767359385.308655,img_20260102_160945_308655.jpg,-255,255,232,0.0,0.0,0.0,0.0,0.0,0.0,0.0,0.0
1767359385.441817,img_20260102_160945_441817.jpg,255,255,231,0.0,0.0,0.0,0.0,0.0,0.0,0.0,0.0
1767359385.574976,img_20260102_160945_574976.jpg,255,255,232,0.0,0.0,0.0,0.0,0.0,0.0,0.0,0.0
1767359385.708388,img_20260102_160945_708388.jpg,255,255,233,0.0,0.0,0.0,0.0,0.0,0.0,0.0,0.0
1767359386.175434,img_20260102_160946_175434.jpg,-255,255,215,0.0,0.0,0.0,0.0,0.0,0.0,0.0,0.0
1767359386.308388,img_20260102_160946_308388.jpg,-255,255,216,0.0,0.0,0.0,0.0,0.0,0.0,0.0,0.0
1767359386.441788,img_20260102_160946_441788.jpg,-255,255,213,0.0,0.0,0.0,0.0,0.0,0.0,0.0,0.0
1767359386.575089,img_20260102_160946_575089.jpg,255,255,214,0.0,0.0,0.0,0.0,0.0,0.0,0.0,0.0
1767359386.708426,img_20260102_160946_708426.jpg,255,255,211,0.0,0.0,0.0,0.0,0.0,0.0,0.0,0.0
1767359386.841808,img_20260102_160946_841808.jpg,255,255,209,0.0,0.0,0.0,0.0,0.0,0.0,0.0,0.0
1767359387.342034,img_20260102_160947_342034.jpg,255,255,197,0.0,0.0,0.0,0.0,0.0,0.0,0.0,0.0
1767359387.474971,img_20260102_160947_474971.jpg,255,255,195,0.0,0.0,0.0,0.0,0.0,0.0,0.0,0.0
1767359387.608095,img_20260102_160947_608095.jpg,255,255,190,0.0,0.0,0.0,0.0,0.0,0.0,0.0,0.0
1767359388.108481,img_20260102_160948_108481.jpg,255,255,175,0.0,0.0,0.0,0.0,0.0,0.0,0.0,0.0
1767359388.242122,img_20260102_160948_242122.jpg,255,255,172,0.0,0.0,0.0,0.0,0.0,0.0,0.0,0.0
1767359388.37517,img_20260102_160948_375170.jpg,255,255,169,0.0,0.0,0.0,0.0,0.0,0.0,0.0,0.0
1767359388.908658,img_20260102_160948_908658.jpg,255,255,151,0.0,0.0,0.0,0.0,0.0,0.0,0.0,0.0
1767359389.04193,img_20260102_160949_041930.jpg,255,255,149,0.0,0.0,0.0,0.0,0.0,0.0,0.0,0.0
1767359389.174971,img_20260102_160949_174971.jpg,255,255,145,0.0,0.0,0.0,0.0,0.0,0.0,0.0,0.0
1767359389.70861,img_20260102_160949_708610.jpg,-255,255,131,0.0,0.0,0.0,0.0,0.0,0.0,0.0,0.0
1767359389.841967,img_20260102_160949_841967.jpg,-255,255,129,0.0,0.0,0.0,0.0,0.0,0.0,0.0,0.0
1767359389.975302,img_20260102_160949_975302.jpg,255,255,215,0.0,0.0,0.0,0.0,0.0,0.0,0.0,0.0
1767359390.108456,img_20260102_160950_108456.jpg,255,255,128,0.0,0.0,0.0,0.0,0.0,0.0,0.0,0.0
1767359390.241882,img_20260102_160950_241882.jpg,255,255,124,0.0,0.0,0.0,0.0,0.0,0.0,0.0,0.0
1767359390.77498,img_20260102_160950_774980.jpg,-255,255,238,0.0,0.0,0.0,0.0,0.0,0.0,0.0,0.0
1767359390.909079,img_20260102_160950_909079.jpg,-255,255,208,0.0,0.0,0.0,0.0,0.0,0.0,0.0,0.0
1767359391.175069,img_20260102_160951_175069.jpg,255,255,161,0.0,0.0,0.0,0.0,0.0,0.0,0.0,0.0
1767359391.308574,img_20260102_160951_308574.jpg,255,255,160,0.0,0.0,0.0,0.0,0.0,0.0,0.0,0.0
1767359391.575349,img_20260102_160951_575349.jpg,255,-255,152,0.0,0.0,0.0,0.0,0.0,0.0,0.0,0.0
1767359391.708725,img_20260102_160951_708725.jpg,255,-255,189,0.0,0.0,0.0,0.0,0.0,0.0,0.0,0.0
1767359391.975375,img_20260102_160951_975375.jpg,-255,255,95,0.0,0.0,0.0,0.0,0.0,0.0,0.0,0.0
1767359392.108775,img_20260102_160952_108775.jpg,-255,255,213,0.0,0.0,0.0,0.0,0.0,0.0,0.0,0.0
1767359392.242176,img_20260102_160952_242176.jpg,-255,255,183,0.0,0.0,0.0,0.0,0.0,0.0,0.0,0.0
1767359392.375434,img_20260102_160952_375434.jpg,255,255,180,0.0,0.0,0.0,0.0,0.0,0.0,0.0,0.0
1767359392.50874,img_20260102_160952_508740.jpg,255,255,180,0.0,0.0,0.0,0.0,0.0,0.0,0.0,0.0
1767359393.242095,img_20260102_160953_242095.jpg,255,-255,170,0.0,0.0,0.0,0.0,0.0,0.0,0.0,0.0
1767359393.375113,img_20260102_160953_375113.jpg,255,-255,188,0.0,0.0,0.0,0.0,0.0,0.0,0.0,0.0
1767359393.508682,img_20260102_160953_508682.jpg,255,-255,126,0.0,0.0,0.0,0.0,0.0,0.0,0.0,0.0
1767359393.641726,img_20260102_160953_641726.jpg,-255,255,118,0.0,0.0,0.0,0.0,0.0,0.0,0.0,0.0
1767359393.775278,img_20260102_160953_775278.jpg,-255,255,190,0.0,0.0,0.0,0.0,0.0,0.0,0.0,0.0
1767359394.041718,img_20260102_160954_041718.jpg,255,255,191,0.0,0.0,0.0,0.0,0.0,0.0,0.0,0.0
1767359394.175111,img_20260102_160954_175111.jpg,255,255,190,0.0,0.0,0.0,0.0,0.0,0.0,0.0,0.0
1767359394.775306,img_20260102_160954_775306.jpg,255,255,166,0.0,0.0,0.0,0.0,0.0,0.0,0.0,0.0
1767359394.908863,img_20260102_160954_908863.jpg,255,255,111,0.0,0.0,0.0,0.0,0.0,0.0,0.0,0.0
1767359395.441871,img_20260102_160955_441871.jpg,255,255,167,0.0,0.0,0.0,0.0,0.0,0.0,0.0,0.0
1767359395.575328,img_20260102_160955_575328.jpg,255,255,101,0.0,0.0,0.0,0.0,0.0,0.0,0.0,0.0
1767359395.708644,img_20260102_160955_708644.jpg,255,255,94,0.0,0.0,0.0,0.0,0.0,0.0,0.0,0.0
1767359396.108476,img_20260102_160956_108476.jpg,255,255,88,0.0,0.0,0.0,0.0,0.0,0.0,0.0,0.0
1767359396.241766,img_20260102_160956_241766.jpg,255,255,85,0.0,0.0,0.0,0.0,0.0,0.0,0.0,0.0
1767359396.642148,img_20260102_160956_642148.jpg,255,255,148,0.0,0.0,0.0,0.0,0.0,0.0,0.0,0.0
1767359396.775409,img_20260102_160956_775409.jpg,255,255,148,0.0,0.0,0.0,0.0,0.0,0.0,0.0,0.0
1767359396.908721,img_20260102_160956_908721.jpg,255,255,78,0.0,0.0,0.0,0.0,0.0,0.0,0.0,0.0
1767359397.442303,img_20260102_160957_442303.jpg,255,255,75,0.0,0.0,0.0,0.0,0.0,0.0,0.0,0.0
1767359397.575223,img_20260102_160957_575223.jpg,255,255,73,0.0,0.0,0.0,0.0,0.0,0.0,0.0,0.0
1767359397.841952,img_20260102_160957_841952.jpg,255,255,72,0.0,0.0,0.0,0.0,0.0,0.0,0.0,0.0
1767359397.975041,img_20260102_160957_975041.jpg,255,255,71,0.0,0.0,0.0,0.0,0.0,0.0,0.0,0.0
1767359398.108664,img_20260102_160958_108664.jpg,255,255,68,0.0,0.0,0.0,0.0,0.0,0.0,0.0,0.0
1767359398.242095,img_20260102_160958_242095.jpg,255,255,68,0.0,0.0,0.0,0.0,0.0,0.0,0.0,0.0
1767359398.375269,img_20260102_160958_375269.jpg,255,255,140,0.0,0.0,0.0,0.0,0.0,0.0,0.0,0.0
1767359398.642148,img_20260102_160958_642148.jpg,-255,-255,53,0.0,0.0,0.0,0.0,0.0,0.0,0.0,0.0
1767359398.775268,img_20260102_160958_775268.jpg,-255,-255,51,0.0,0.0,0.0,0.0,0.0,0.0,0.0,0.0
1767359398.908848,img_20260102_160958_908848.jpg,-255,-255,51,0.0,0.0,0.0,0.0,0.0,0.0,0.0,0.0
1767359399.308745,img_20260102_160959_308745.jpg,255,255,54,0.0,0.0,0.0,0.0,0.0,0.0,0.0,0.0
1767359399.442012,img_20260102_160959_442012.jpg,255,255,53,0.0,0.0,0.0,0.0,0.0,0.0,0.0,0.0
1767359399.841978,img_20260102_160959_841978.jpg,255,255,47,0.0,0.0,0.0,0.0,0.0,0.0,0.0,0.0
1767359399.975101,img_20260102_160959_975101.jpg,255,255,46,0.0,0.0,0.0,0.0,0.0,0.0,0.0,0.0
1767359400.50863,img_20260102_161000_508630.jpg,-255,-255,35,0.0,0.0,0.0,0.0,0.0,0.0,0.0,0.0
1767359400.642125,img_20260102_161000_642125.jpg,-255,-255,34,0.0,0.0,0.0,0.0,0.0,0.0,0.0,0.0
1767359400.77526,img_20260102_161000_775260.jpg,-255,-255,36,0.0,0.0,0.0,0.0,0.0,0.0,0.0,0.0
1767359401.175456,img_20260102_161001_175456.jpg,255,255,42,0.0,0.0,0.0,0.0,0.0,0.0,0.0,0.0
1767359401.308943,img_20260102_161001_308943.jpg,255,255,42,0.0,0.0,0.0,0.0,0.0,0.0,0.0,0.0
1767359401.441977,img_20260102_161001_441977.jpg,255,255,39,0.0,0.0,0.0,0.0,0.0,0.0,0.0,0.0
1767359402.675018,img_20260102_161002_675018.jpg,-255,-255,33,0.0,0.0,0.0,0.0,0.0,0.0,0.0,0.0
1767359402.808482,img_20260102_161002_808482.jpg,-255,-255,32,0.0,0.0,0.0,0.0,0.0,0.0,0.0,0.0
1767359403.175108,img_20260102_161003_175108.jpg,255,-255,33,0.0,0.0,0.0,0.0,0.0,0.0,0.0,0.0
1767359403.308809,img_20260102_161003_308809.jpg,255,-255,32,0.0,0.0,0.0,0.0,0.0,0.0,0.0,0.0
1767359403.775382,img_20260102_161003_775382.jpg,255,255,33,0.0,0.0,0.0,0.0,0.0,0.0,0.0,0.0
1767359403.908698,img_20260102_161003_908698.jpg,255,255,32,0.0,0.0,0.0,0.0,0.0,0.0,0.0,0.0
1767359404.308784,img_20260102_161004_308784.jpg,255,255,33,0.0,0.0,0.0,0.0,0.0,0.0,0.0,0.0
1767359404.442079,img_20260102_161004_442079.jpg,255,255,33,0.0,0.0,0.0,0.0,0.0,0.0,0.0,0.0
1767359404.575126,img_20260102_161004_575126.jpg,255,255,33,0.0,0.0,0.0,0.0,0.0,0.0,0.0,0.0
1767359404.808689,img_20260102_161004_808689.jpg,-255,-255,33,0.0,0.0,0.0,0.0,0.0,0.0,0.0,0.0
1767359404.941691,img_20260102_161004_941691.jpg,-255,-255,33,0.0,0.0,0.0,0.0,0.0,0.0,0.0,0.0
1767359405.308735,img_20260102_161005_308735.jpg,255,255,34,0.0,0.0,0.0,0.0,0.0,0.0,0.0,0.0
1767359405.441787,img_20260102_161005_441787.jpg,255,255,34,0.0,0.0,0.0,0.0,0.0,0.0,0.0,0.0
1767359405.975379,img_20260102_161005_975379.jpg,-255,-255,34,0.0,0.0,0.0,0.0,0.0,0.0,0.0,0.0
1767359406.10869,img_20260102_161006_108690.jpg,-255,-255,35,0.0,0.0,0.0,0.0,0.0,0.0,0.0,0.0
1767359406.775194,img_20260102_161006_775194.jpg,255,255,44,0.0,0.0,0.0,0.0,0.0,0.0,0.0,0.0
1767359406.908703,img_20260102_161006_908703.jpg,255,255,43,0.0,0.0,0.0,0.0,0.0,0.0,0.0,0.0
1767359407.042212,img_20260102_161007_042212.jpg,255,255,42,0.0,0.0,0.0,0.0,0.0,0.0,0.0,0.0
1767359408.175214,img_20260102_161008_175214.jpg,-255,255,30,0.0,0.0,0.0,0.0,0.0,0.0,0.0,0.0
1767359408.308627,img_20260102_161008_308627.jpg,-255,255,30,0.0,0.0,0.0,0.0,0.0,0.0,0.0,0.0
1767359408.975204,img_20260102_161008_975204.jpg,255,255,30,0.0,0.0,0.0,0.0,0.0,0.0,0.0,0.0
1767359409.108544,img_20260102_161009_108544.jpg,255,255,30,0.0,0.0,0.0,0.0,0.0,0.0,0.0,0.0
1767359409.641927,img_20260102_161009_641927.jpg,255,255,30,0.0,0.0,0.0,0.0,0.0,0.0,0.0,0.0
1767359409.775198,img_20260102_161009_775198.jpg,255,255,30,0.0,0.0,0.0,0.0,0.0,0.0,0.0,0.0
1767359410.175177,img_20260102_161010_175177.jpg,255,255,30,0.0,0.0,0.0,0.0,0.0,0.0,0.0,0.0
1767359410.308496,img_20260102_161010_308496.jpg,-255,-255,30,0.0,0.0,0.0,0.0,0.0,0.0,0.0,0.0
1767359410.442083,img_20260102_161010_442083.jpg,-255,-255,30,0.0,0.0,0.0,0.0,0.0,0.0,0.0,0.0
1767359410.842202,img_20260102_161010_842202.jpg,-255,-255,32,0.0,0.0,0.0,0.0,0.0,0.0,0.0,0.0
1767359410.975324,img_20260102_161010_975324.jpg,-255,-255,33,0.0,0.0,0.0,0.0,0.0,0.0,0.0,0.0
1767359411.108573,img_20260102_161011_108573.jpg,-255,-255,35,0.0,0.0,0.0,0.0,0.0,0.0,0.0,0.0
1767359411.241933,img_20260102_161011_241933.jpg,-255,-255,43,0.0,0.0,0.0,0.0,0.0,0.0,0.0,0.0
1767359411.37517,img_20260102_161011_375170.jpg,-255,-255,47,0.0,0.0,0.0,0.0,0.0,0.0,0.0,0.0
1767359411.642118,img_20260102_161011_642118.jpg,255,-255,58,0.0,0.0,0.0,0.0,0.0,0.0,0.0,0.0
1767359411.775235,img_20260102_161011_775235.jpg,255,-255,59,0.0,0.0,0.0,0.0,0.0,0.0,0.0,0.0
1767359411.908654,img_20260102_161011_908654.jpg,255,-255,60,0.0,0.0,0.0,0.0,0.0,0.0,0.0,0.0
1767359412.042028,img_20260102_161012_042028.jpg,255,-255,60,0.0,0.0,0.0,0.0,0.0,0.0,0.0,0.0
1767359412.17549,img_20260102_161012_175490.jpg,255,-255,58,0.0,0.0,0.0,0.0,0.0,0.0,0.0,0.0
1767359412.308498,img_20260102_161012_308498.jpg,255,-255,59,0.0,0.0,0.0,0.0,0.0,0.0,0.0,0.0
1767359412.575235,img_20260102_161012_575235.jpg,-255,255,60,0.0,0.0,0.0,0.0,0.0,0.0,0.0,0.0
1767359412.708697,img_20260102_161012_708697.jpg,-255,255,60,0.0,0.0,0.0,0.0,0.0,0.0,0.0,0.0
1767359412.975104,img_20260102_161012_975104.jpg,255,255,59,0.0,0.0,0.0,0.0,0.0,0.0,0.0,0.0
1767359413.10865,img_20260102_161013_108650.jpg,255,255,60,0.0,0.0,0.0,0.0,0.0,0.0,0.0,0.0
1767359413.242128,img_20260102_161013_242128.jpg,255,255,59,0.0,0.0,0.0,0.0,0.0,0.0,0.0,0.0
1767359413.508706,img_20260102_161013_508706.jpg,-255,-255,58,0.0,0.0,0.0,0.0,0.0,0.0,0.0,0.0
1767359413.64207,img_20260102_161013_642070.jpg,-255,-255,59,0.0,0.0,0.0,0.0,0.0,0.0,0.0,0.0
1767359414.041812,img_20260102_161014_041812.jpg,-255,-255,59,0.0,0.0,0.0,0.0,0.0,0.0,0.0,0.0
1767359414.175404,img_20260102_161014_175404.jpg,-255,-255,59,0.0,0.0,0.0,0.0,0.0,0.0,0.0,0.0
1767359414.308595,img_20260102_161014_308595.jpg,-255,-255,59,0.0,0.0,0.0,0.0,0.0,0.0,0.0,0.0
1767359414.441702,img_20260102_161014_441702.jpg,-255,-255,59,0.0,0.0,0.0,0.0,0.0,0.0,0.0,0.0
1767359414.575319,img_20260102_161014_575319.jpg,255,255,59,0.0,0.0,0.0,0.0,0.0,0.0,0.0,0.0
1767359414.709082,img_20260102_161014_709082.jpg,255,255,59,0.0,0.0,0.0,0.0,0.0,0.0,0.0,0.0
1767359415.175183,img_20260102_161015_175183.jpg,-255,-255,58,0.0,0.0,0.0,0.0,0.0,0.0,0.0,0.0
1767359415.308702,img_20260102_161015_308702.jpg,-255,-255,58,0.0,0.0,0.0,0.0,0.0,0.0,0.0,0.0
1767359415.441919,img_20260102_161015_441919.jpg,-255,-255,58,0.0,0.0,0.0,0.0,0.0,0.0,0.0,0.0
1767359415.708693,img_20260102_161015_708693.jpg,-255,-255,58,0.0,0.0,0.0,0.0,0.0,0.0,0.0,0.0
1767359415.841977,img_20260102_161015_841977.jpg,-255,-255,59,0.0,0.0,0.0,0.0,0.0,0.0,0.0,0.0
1767359415.975481,img_20260102_161015_975481.jpg,255,255,60,0.0,0.0,0.0,0.0,0.0,0.0,0.0,0.0
1767359416.10884,img_20260102_161016_108840.jpg,255,255,59,0.0,0.0,0.0,0.0,0.0,0.0,0.0,0.0
1767359416.508834,img_20260102_161016_508834.jpg,-255,-255,58,0.0,0.0,0.0,0.0,0.0,0.0,0.0,0.0
1767359416.642095,img_20260102_161016_642095.jpg,-255,-255,60,0.0,0.0,0.0,0.0,0.0,0.0,0.0,0.0
1767359416.775419,img_20260102_161016_775419.jpg,-255,-255,59,0.0,0.0,0.0,0.0,0.0,0.0,0.0,0.0
1767359417.108908,img_20260102_161017_108908.jpg,255,255,59,0.0,0.0,0.0,0.0,0.0,0.0,0.0,0.0
1767359417.241988,img_20260102_161017_241988.jpg,255,255,58,0.0,0.0,0.0,0.0,0.0,0.0,0.0,0.0
1767359417.375406,img_20260102_161017_375406.jpg,255,255,59,0.0,0.0,0.0,0.0,0.0,0.0,0.0,0.0
1767359417.641876,img_20260102_161017_641876.jpg,-255,-255,59,0.0,0.0,0.0,0.0,0.0,0.0,0.0,0.0
1767359417.775174,img_20260102_161017_775174.jpg,-255,-255,59,0.0,0.0,0.0,0.0,0.0,0.0,0.0,0.0
1767359417.909046,img_20260102_161017_909046.jpg,-255,-255,59,0.0,0.0,0.0,0.0,0.0,0.0,0.0,0.0
1767359418.041877,img_20260102_161018_041877.jpg,255,255,59,0.0,0.0,0.0,0.0,0.0,0.0,0.0,0.0
1767359418.175166,img_20260102_161018_175166.jpg,255,255,59,0.0,0.0,0.0,0.0,0.0,0.0,0.0,0.0
1767359418.308744,img_20260102_161018_308744.jpg,255,255,59,0.0,0.0,0.0,0.0,0.0,0.0,0.0,0.0
1767359418.441797,img_20260102_161018_441797.jpg,-255,255,59,0.0,0.0,0.0,0.0,0.0,0.0,0.0,0.0
1767359418.575147,img_20260102_161018_575147.jpg,-255,255,59,0.0,0.0,0.0,0.0,0.0,0.0,0.0,0.0
1767359418.70895,img_20260102_161018_708950.jpg,-255,-255,58,0.0,0.0,0.0,0.0,0.0,0.0,0.0,0.0
1767359418.841818,img_20260102_161018_841818.jpg,255,-255,59,0.0,0.0,0.0,0.0,0.0,0.0,0.0,0.0
1767359418.97515,img_20260102_161018_975150.jpg,255,-255,60,0.0,0.0,0.0,0.0,0.0,0.0,0.0,0.0
1767359419.108859,img_20260102_161019_108859.jpg,-255,255,59,0.0,0.0,0.0,0.0,0.0,0.0,0.0,0.0
1767359419.241841,img_20260102_161019_241841.jpg,-255,255,59,0.0,0.0,0.0,0.0,0.0,0.0,0.0,0.0
1767359419.375359,img_20260102_161019_375359.jpg,-255,255,60,0.0,0.0,0.0,0.0,0.0,0.0,0.0,0.0
1767359419.508996,img_20260102_161019_508996.jpg,255,255,59,0.0,0.0,0.0,0.0,0.0,0.0,0.0,0.0
1767359419.641815,img_20260102_161019_641815.jpg,255,255,60,0.0,0.0,0.0,0.0,0.0,0.0,0.0,0.0
1767359419.908642,img_20260102_161019_908642.jpg,255,255,58,0.0,0.0,0.0,0.0,0.0,0.0,0.0,0.0
1767359420.042208,img_20260102_161020_042208.jpg,255,255,57,0.0,0.0,0.0,0.0,0.0,0.0,0.0,0.0
1767359420.175002,img_20260102_161020_175002.jpg,255,255,57,0.0,0.0,0.0,0.0,0.0,0.0,0.0,0.0
1767359420.308908,img_20260102_161020_308908.jpg,255,255,62,0.0,0.0,0.0,0.0,0.0,0.0,0.0,0.0
1767359420.442259,img_20260102_161020_442259.jpg,255,255,60,0.0,0.0,0.0,0.0,0.0,0.0,0.0,0.0
1767359420.808514,img_20260102_161020_808514.jpg,-255,-255,61,0.0,0.0,0.0,0.0,0.0,0.0,0.0,0.0
1767359420.942146,img_20260102_161020_942146.jpg,-255,-255,61,0.0,0.0,0.0,0.0,0.0,0.0,0.0,0.0
1767359421.575001,img_20260102_161021_575001.jpg,255,255,62,0.0,0.0,0.0,0.0,0.0,0.0,0.0,0.0
1767359421.708573,img_20260102_161021_708573.jpg,255,255,60,0.0,0.0,0.0,0.0,0.0,0.0,0.0,0.0
1767359421.842121,img_20260102_161021_842121.jpg,-255,-255,60,0.0,0.0,0.0,0.0,0.0,0.0,0.0,0.0
1767359421.975153,img_20260102_161021_975153.jpg,-255,-255,61,0.0,0.0,0.0,0.0,0.0,0.0,0.0,0.0
1767359422.108553,img_20260102_161022_108553.jpg,-255,-255,63,0.0,0.0,0.0,0.0,0.0,0.0,0.0,0.0
1767359422.508614,img_20260102_161022_508614.jpg,255,255,60,0.0,0.0,0.0,0.0,0.0,0.0,0.0,0.0
1767359422.641946,img_20260102_161022_641946.jpg,255,255,60,0.0,0.0,0.0,0.0,0.0,0.0,0.0,0.0
1767359422.774981,img_20260102_161022_774981.jpg,255,255,60,0.0,0.0,0.0,0.0,0.0,0.0,0.0,0.0
1767359422.908706,img_20260102_161022_908706.jpg,-255,-255,60,0.0,0.0,0.0,0.0,0.0,0.0,0.0,0.0
1767359423.041868,img_20260102_161023_041868.jpg,-255,-255,60,0.0,0.0,0.0,0.0,0.0,0.0,0.0,0.0
1767359423.308844,img_20260102_161023_308844.jpg,-255,-255,60,0.0,0.0,0.0,0.0,0.0,0.0,0.0,0.0
1767359423.441874,img_20260102_161023_441874.jpg,-255,-255,59,0.0,0.0,0.0,0.0,0.0,0.0,0.0,0.0
1767359423.575294,img_20260102_161023_575294.jpg,-255,-255,59,0.0,0.0,0.0,0.0,0.0,0.0,0.0,0.0
1767359423.708571,img_20260102_161023_708571.jpg,-255,-255,60,0.0,0.0,0.0,0.0,0.0,0.0,0.0,0.0
1767359423.841934,img_20260102_161023_841934.jpg,-255,-255,60,0.0,0.0,0.0,0.0,0.0,0.0,0.0,0.0
1767359423.975322,img_20260102_161023_975322.jpg,-255,255,60,0.0,0.0,0.0,0.0,0.0,0.0,0.0,0.0
1767359424.108459,img_20260102_161024_108459.jpg,-255,255,60,0.0,0.0,0.0,0.0,0.0,0.0,0.0,0.0
1767359424.241828,img_20260102_161024_241828.jpg,-255,255,60,0.0,0.0,0.0,0.0,0.0,0.0,0.0,0.0
1767359424.375085,img_20260102_161024_375085.jpg,255,255,60,0.0,0.0,0.0,0.0,0.0,0.0,0.0,0.0
1767359424.508596,img_20260102_161024_508596.jpg,255,255,60,0.0,0.0,0.0,0.0,0.0,0.0,0.0,0.0
1767359424.775051,img_20260102_161024_775051.jpg,-255,-255,60,0.0,0.0,0.0,0.0,0.0,0.0,0.0,0.0
1767359424.908513,img_20260102_161024_908513.jpg,-255,-255,61,0.0,0.0,0.0,0.0,0.0,0.0,0.0,0.0
1767359425.041883,img_20260102_161025_041883.jpg,-255,-255,61,0.0,0.0,0.0,0.0,0.0,0.0,0.0,0.0
1767359425.17503,img_20260102_161025_175030.jpg,-255,-255,60,0.0,0.0,0.0,0.0,0.0,0.0,0.0,0.0
1767359425.308992,img_20260102_161025_308992.jpg,255,255,61,0.0,0.0,0.0,0.0,0.0,0.0,0.0,0.0
1767359425.44181,img_20260102_161025_441810.jpg,255,255,60,0.0,0.0,0.0,0.0,0.0,0.0,0.0,0.0
1767359425.575073,img_20260102_161025_575073.jpg,-255,-255,61,0.0,0.0,0.0,0.0,0.0,0.0,0.0,0.0
1767359425.708691,img_20260102_161025_708691.jpg,-255,-255,61,0.0,0.0,0.0,0.0,0.0,0.0,0.0,0.0
1767359425.975034,img_20260102_161025_975034.jpg,255,255,61,0.0,0.0,0.0,0.0,0.0,0.0,0.0,0.0
1767359426.108242,img_20260102_161026_108242.jpg,255,255,61,0.0,0.0,0.0,0.0,0.0,0.0,0.0,0.0
1767359426.241648,img_20260102_161026_241648.jpg,255,255,61,0.0,0.0,0.0,0.0,0.0,0.0,0.0,0.0
1767359426.608565,img_20260102_161026_608565.jpg,-255,-255,61,0.0,0.0,0.0,0.0,0.0,0.0,0.0,0.0
1767359426.74164,img_20260102_161026_741640.jpg,-255,-255,60,0.0,0.0,0.0,0.0,0.0,0.0,0.0,0.0
1767359426.874864,img_20260102_161026_874864.jpg,-255,-255,60,0.0,0.0,0.0,0.0,0.0,0.0,0.0,0.0
1767359427.00787,img_20260102_161027_007870.jpg,-255,-255,60,0.0,0.0,0.0,0.0,0.0,0.0,0.0,0.0
1767359427.908398,img_20260102_161027_908398.jpg,255,255,60,0.0,0.0,0.0,0.0,0.0,0.0,0.0,0.0
1767359428.041918,img_20260102_161028_041918.jpg,255,255,59,0.0,0.0,0.0,0.0,0.0,0.0,0.0,0.0
1767359428.1749,img_20260102_161028_174900.jpg,255,255,60,0.0,0.0,0.0,0.0,0.0,0.0,0.0,0.0
1767359428.4417,img_20260102_161028_441700.jpg,255,255,61,0.0,0.0,0.0,0.0,0.0,0.0,0.0,0.0
1767359428.575087,img_20260102_161028_575087.jpg,255,255,61,0.0,0.0,0.0,0.0,0.0,0.0,0.0,0.0
1767359428.708504,img_20260102_161028_708504.jpg,255,-255,60,0.0,0.0,0.0,0.0,0.0,0.0,0.0,0.0
1767359428.841852,img_20260102_161028_841852.jpg,255,-255,60,0.0,0.0,0.0,0.0,0.0,0.0,0.0,0.0
1767359428.974891,img_20260102_161028_974891.jpg,-255,255,60,0.0,0.0,0.0,0.0,0.0,0.0,0.0,0.0
1767359429.108366,img_20260102_161029_108366.jpg,-255,255,60,0.0,0.0,0.0,0.0,0.0,0.0,0.0,0.0
1767359429.241765,img_20260102_161029_241765.jpg,-255,255,60,0.0,0.0,0.0,0.0,0.0,0.0,0.0,0.0
1767359429.37462,img_20260102_161029_374620.jpg,-255,-255,61,0.0,0.0,0.0,0.0,0.0,0.0,0.0,0.0
1767359429.508384,img_20260102_161029_508384.jpg,-255,-255,61,0.0,0.0,0.0,0.0,0.0,0.0,0.0,0.0
1767359429.64171,img_20260102_161029_641710.jpg,-255,-255,61,0.0,0.0,0.0,0.0,0.0,0.0,0.0,0.0
1767359429.908605,img_20260102_161029_908605.jpg,-255,-255,61,0.0,0.0,0.0,0.0,0.0,0.0,0.0,0.0
1767359430.041924,img_20260102_161030_041924.jpg,-255,-255,60,0.0,0.0,0.0,0.0,0.0,0.0,0.0,0.0
1767359430.174869,img_20260102_161030_174869.jpg,-255,-255,61,0.0,0.0,0.0,0.0,0.0,0.0,0.0,0.0
